{"cameraMode":{"drawMode":0,"name":"Shaded","section":"Shading Mode"},"sceneLighting":true,"audioPlay":false,"sceneViewState":{"m_AlwaysRefresh":false,"showFog":true,"showSkybox":true,"showFlares":true,"showImageEffects":true,"showParticleSystems":true,"showVisualEffectGraphs":true,"m_FxEnabled":true},"in2DMode":false,"pivot":{"x":0.1195518970489502,"y":6.78336238861084,"z":-22.148399353027345},"rotation":{"x":-0.021307313814759256,"y":0.012909130193293095,"z":-0.000268267176579684,"w":-0.9997093081474304},"size":3.9383931159973146,"orthographic":false}